S.no,Region,Zone,organisationunitname,"Number of slides or RDT positive for malaria < 5 years, Male Hamle 2013","Number of slides or RDT positive for malaria < 5 years, Male Nehase 2013","Number of slides or RDT positive for malaria < 5 years, Male Meskerem 2014","Number of slides or RDT positive for malaria < 5 years, Male Tikemet 2014","Number of slides or RDT positive for malaria < 5 years, Male Hidar 2014","Number of slides or RDT positive for malaria < 5 years, Male Tahesas 2014","Number of slides or RDT positive for malaria < 5 years, Male Tir 2014","Number of slides or RDT positive for malaria < 5 years, Male Yekatit 2014","Number of slides or RDT positive for malaria < 5 years, Male Megabit 2014","Number of slides or RDT positive for malaria < 5 years, Male Miazia 2014","Number of slides or RDT positive for malaria < 5 years, Male Ginbot 2014","Number of slides or RDT positive for malaria < 5 years, Male Sene 2014","Number of slides or RDT positive for malaria < 5 years, Female Hamle 2013","Number of slides or RDT positive for malaria < 5 years, Female Nehase 2013","Number of slides or RDT positive for malaria < 5 years, Female Meskerem 2014","Number of slides or RDT positive for malaria < 5 years, Female Tikemet 2014","Number of slides or RDT positive for malaria < 5 years, Female Hidar 2014","Number of slides or RDT positive for malaria < 5 years, Female Tahesas 2014","Number of slides or RDT positive for malaria < 5 years, Female Tir 2014","Number of slides or RDT positive for malaria < 5 years, Female Yekatit 2014","Number of slides or RDT positive for malaria < 5 years, Female Megabit 2014","Number of slides or RDT positive for malaria < 5 years, Female Miazia 2014","Number of slides or RDT positive for malaria < 5 years, Female Ginbot 2014","Number of slides or RDT positive for malaria < 5 years, Female Sene 2014","Number of slides or RDT positive for malaria Male, 5 - 14 years Hamle 2013","Number of slides or RDT positive for malaria Male, 5 - 14 years Nehase 2013","Number of slides or RDT positive for malaria Male, 5 - 14 years Meskerem 2014","Number of slides or RDT positive for malaria Male, 5 - 14 years Tikemet 2014","Number of slides or RDT positive for malaria Male, 5 - 14 years Hidar 2014","Number of slides or RDT positive for malaria Male, 5 - 14 years Tahesas 2014","Number of slides or RDT positive for malaria Male, 5 - 14 years Tir 2014","Number of slides or RDT positive for malaria Male, 5 - 14 years Yekatit 2014","Number of slides or RDT positive for malaria Male, 5 - 14 years Megabit 2014","Number of slides or RDT positive for malaria Male, 5 - 14 years Miazia 2014","Number of slides or RDT positive for malaria Male, 5 - 14 years Ginbot 2014","Number of slides or RDT positive for malaria Male, 5 - 14 years Sene 2014","Number of slides or RDT positive for malaria Female, 5 - 14 years Hamle 2013","Number of slides or RDT positive for malaria Female, 5 - 14 years Nehase 2013","Number of slides or RDT positive for malaria Female, 5 - 14 years Meskerem 2014","Number of slides or RDT positive for malaria Female, 5 - 14 years Tikemet 2014","Number of slides or RDT positive for malaria Female, 5 - 14 years Hidar 2014","Number of slides or RDT positive for malaria Female, 5 - 14 years Tahesas 2014","Number of slides or RDT positive for malaria Female, 5 - 14 years Tir 2014","Number of slides or RDT positive for malaria Female, 5 - 14 years Yekatit 2014","Number of slides or RDT positive for malaria Female, 5 - 14 years Megabit 2014","Number of slides or RDT positive for malaria Female, 5 - 14 years Miazia 2014","Number of slides or RDT positive for malaria Female, 5 - 14 years Ginbot 2014","Number of slides or RDT positive for malaria Female, 5 - 14 years Sene 2014","Number of slides or RDT positive for malaria Male, >= 15 years Hamle 2013","Number of slides or RDT positive for malaria Male, >= 15 years Nehase 2013","Number of slides or RDT positive for malaria Male, >= 15 years Meskerem 2014","Number of slides or RDT positive for malaria Male, >= 15 years Tikemet 2014","Number of slides or RDT positive for malaria Male, >= 15 years Hidar 2014","Number of slides or RDT positive for malaria Male, >= 15 years Tahesas 2014","Number of slides or RDT positive for malaria Male, >= 15 years Tir 2014","Number of slides or RDT positive for malaria Male, >= 15 years Yekatit 2014","Number of slides or RDT positive for malaria Male, >= 15 years Megabit 2014","Number of slides or RDT positive for malaria Male, >= 15 years Miazia 2014","Number of slides or RDT positive for malaria Male, >= 15 years Ginbot 2014","Number of slides or RDT positive for malaria Male, >= 15 years Sene 2014","Number of slides or RDT positive for malaria Female, >= 15 years Hamle 2013","Number of slides or RDT positive for malaria Female, >= 15 years Nehase 2013","Number of slides or RDT positive for malaria Female, >= 15 years Meskerem 2014","Number of slides or RDT positive for malaria Female, >= 15 years Tikemet 2014","Number of slides or RDT positive for malaria Female, >= 15 years Hidar 2014","Number of slides or RDT positive for malaria Female, >= 15 years Tahesas 2014","Number of slides or RDT positive for malaria Female, >= 15 years Tir 2014","Number of slides or RDT positive for malaria Female, >= 15 years Yekatit 2014","Number of slides or RDT positive for malaria Female, >= 15 years Megabit 2014","Number of slides or RDT positive for malaria Female, >= 15 years Miazia 2014","Number of slides or RDT positive for malaria Female, >= 15 years Ginbot 2014","Number of slides or RDT positive for malaria Female, >= 15 years Sene 2014"
1,Amhara Regional Health Bureau,Awi ZHD,Ankasha Guagusa WorHO,1,,,,,,,2,,,,,,,,,,,,2,,,,,1,,1,1,,3,1,,,,2,1,,1,,,,1,,1,,,,1,17,21,20,15,27,28,26,11,14,8,15,28,12,4,12,5,2,3,4,3,1,6,11,8
2,Amhara Regional Health Bureau,Awi ZHD,Ayehu Guagusa WorHO,30,19,11,14,11,5,2,1,5,20,43,95,18,31,9,15,8,9,3,3,2,19,52,62,94,74,26,45,16,9,7,8,10,55,73,184,68,60,21,40,21,9,6,4,6,22,76,183,276,214,104,137,96,64,21,28,32,134,229,590,159,130,61,113,57,34,26,22,24,39,219,451
3,Amhara Regional Health Bureau,Awi ZHD,Banja WorHO,,,,,1,,,,,,4,2,,,,,,1,,,,,1,1,2,,2,1,4,5,,1,,2,3,4,,,,,4,,,,,1,3,5,41,42,46,38,55,55,36,27,18,27,23,36,7,10,8,6,6,12,12,8,3,8,12,18
4,Amhara Regional Health Bureau,Awi ZHD,Chagni Town WorHO,18,9,5,6,9,11,3,9,4,6,34,51,19,9,9,5,12,11,5,7,5,8,25,52,22,3,17,27,21,18,9,19,13,23,73,93,21,16,11,17,27,16,14,13,21,14,45,79,55,37,44,102,64,60,50,63,67,64,220,280,52,19,32,55,60,44,35,53,58,59,161,244
5,Amhara Regional Health Bureau,Awi ZHD,Dangla Town WorHO,2,,2,1,,,,,,1,2,2,3,1,1,,,,,,,,,2,2,2,1,1,3,,,1,,3,2,2,1,,,,1,,,5,,,,,15,7,6,11,26,15,11,6,3,7,9,24,9,1,3,4,10,5,6,5,2,1,9,15
6,Amhara Regional Health Bureau,Awi ZHD,Dangla Zuria WorHO,3,2,3,2,5,5,,4,7,16,65,77,10,1,2,1,3,2,3,2,12,17,58,100,19,7,10,14,33,15,7,11,31,58,127,293,17,6,7,4,12,10,2,18,20,49,110,198,65,47,64,61,85,80,28,36,65,86,380,520,39,27,18,24,47,31,12,28,28,52,295,342
7,Amhara Regional Health Bureau,Awi ZHD,Fagitalekoma WorHO,2,,,,,2,,,,,,5,1,,1,,,1,,1,,,2,2,,,1,1,,4,1,,,3,3,10,1,1,,,,,,,,2,4,5,30,29,25,21,22,23,15,11,13,13,10,25,6,5,7,5,16,7,6,1,3,2,4,8
8,Amhara Regional Health Bureau,Awi ZHD,Guagusa Shikuda WorHO,,,,,,,,,,,,,,,,,,,,,,,,,1,,,,2,3,,,,,2,2,,,,,,,1,,1,2,,,37,74,56,46,44,52,17,29,19,18,28,193,3,9,4,4,5,3,2,1,2,3,12,37
9,Amhara Regional Health Bureau,Awi ZHD,Guangua WorHO,7,2,13,21,20,19,,5,,2,16,35,11,2,6,6,15,19,2,4,,2,10,25,9,7,16,32,59,50,11,14,13,13,59,124,6,5,14,21,24,38,5,11,1,13,28,66,47,50,104,115,151,112,45,35,27,24,120,211,34,31,44,73,80,64,13,20,11,13,82,130
10,Amhara Regional Health Bureau,Awi ZHD,Injibara TownWorHO,2,,,,2,,,,,,,,,,,,,,,,,,,,1,,1,,,,,,,,,1,1,,,,,,,,,,,2,13,18,19,12,13,10,12,6,5,11,15,32,1,4,,,2,4,1,1,,2,9,10
11,Amhara Regional Health Bureau,Awi ZHD,Jawi WorHO,213,209,236,317,305,217,101,125,110,96,130,240,248,159,220,211,239,176,93,88,99,66,109,193,360,226,360,567,518,292,130,129,109,73,165,345,282,189,303,414,459,218,99,109,73,59,119,256,925,574,815,1099,1323,658,333,199,149,149,351,609,603,418,573,740,746,503,240,137,102,95,232,413
12,Amhara Regional Health Bureau,Awi ZHD,Zigem WorHO,18,21,10,8,7,4,1,1,2,5,26,33,13,20,13,5,7,3,1,5,6,4,17,29,34,38,33,37,32,15,12,9,9,10,91,146,31,26,30,28,25,17,3,6,4,17,62,98,91,64,66,91,103,49,25,30,21,35,212,313,59,72,43,49,50,36,20,16,16,24,168,263
13,Amhara Regional Health Bureau,Central Gondar ZHD,Alefa WorHO,21,14,16,6,9,11,5,10,8,20,8,12,13,14,13,3,13,12,8,12,2,5,4,18,71,44,55,38,73,52,51,26,19,8,15,55,34,18,31,16,47,33,17,15,16,12,14,33,274,375,486,187,501,589,269,139,179,96,146,260,104,89,87,51,118,150,55,34,38,25,56,104
14,Amhara Regional Health Bureau,Central Gondar ZHD,Central Armacho WorHO,161,71,61,58,168,103,55,50,83,24,33,75,164,140,111,60,264,143,47,64,77,16,32,96,233,156,239,309,452,312,149,101,134,52,62,174,204,110,241,264,437,268,149,83,104,28,58,119,334,215,327,711,719,443,208,134,157,52,105,196,302,130,158,451,450,274,154,99,139,29,57,156
15,Amhara Regional Health Bureau,Central Gondar ZHD,Chilga WorHO,10,12,3,20,27,40,18,2,28,27,15,30,5,4,2,7,29,24,19,12,9,25,8,48,34,20,9,32,43,53,47,22,63,33,34,126,18,14,4,28,38,47,35,24,30,21,34,67,163,132,48,166,296,288,144,123,97,103,118,109,71,38,34,68,113,233,91,58,64,70,97,139
16,Amhara Regional Health Bureau,Central Gondar ZHD,East Belesa WorHO,54,47,23,86,94,101,64,55,32,33,33,97,52,31,24,70,86,63,52,43,31,22,20,69,110,58,33,209,220,203,130,93,70,78,47,188,72,60,28,144,176,122,98,70,41,51,47,155,202,132,128,421,595,385,303,201,129,133,110,376,148,96,57,281,408,258,197,148,89,85,65,319
17,Amhara Regional Health Bureau,Central Gondar ZHD,East Dembia WorHO,93,38,50,121,142,127,66,70,46,119,138,396,86,48,48,106,146,98,64,67,34,119,187,495,215,134,123,287,505,287,113,124,137,223,469,867,171,114,85,266,428,312,85,111,103,266,471,1286,511,272,361,567,907,665,295,184,192,392,653,1518,365,178,124,300,606,485,141,126,163,301,615,1411
18,Amhara Regional Health Bureau,Central Gondar ZHD,Gondar Zuriya WorHO,264,146,134,316,499,407,156,229,178,381,432,766,209,111,127,256,427,324,123,152,148,315,372,675,579,288,300,910,1391,850,322,425,434,586,1103,1724,481,261,272,683,1114,743,230,286,297,521,900,1458,955,481,737,1533,1999,1209,555,598,616,878,1870,3039,765,373,301,1208,1774,1139,446,597,390,802,1660,2489
19,Amhara Regional Health Bureau,Central Gondar ZHD,Kinfaze Begela  WorHO,33,43,20,62,70,67,28,30,14,26,6,19,23,29,9,59,67,71,29,26,12,4,5,7,151,55,38,180,170,172,90,52,54,30,33,43,83,37,24,163,154,136,69,60,40,23,8,32,174,136,163,414,461,335,196,170,135,70,66,98,134,130,67,306,313,219,88,119,68,29,40,59
20,Amhara Regional Health Bureau,Central Gondar ZHD,Lay Armacho WorHO,2,,,3,2,2,1,1,,,1,2,,1,,3,3,3,,,,,1,2,6,3,3,21,20,7,5,5,3,2,5,6,9,1,8,7,8,9,7,,,,3,1,59,86,160,142,159,116,73,42,36,18,25,63,13,8,20,31,27,15,9,3,5,6,3,8
21,Amhara Regional Health Bureau,Central Gondar ZHD,Nebaru Chilga WorHO,5,,1,9,22,7,3,7,2,1,7,28,4,2,2,4,23,10,2,5,1,,9,21,25,15,12,37,70,23,18,10,13,17,35,83,22,10,6,18,55,14,33,8,9,4,32,65,57,182,155,149,533,179,187,60,53,59,96,163,33,18,15,46,95,47,27,25,18,15,55,104
22,Amhara Regional Health Bureau,Central Gondar ZHD,Tach Armacho WorHO,183,122,140,134,196,199,116,82,84,64,91,145,194,103,113,158,174,161,84,88,68,40,102,116,487,227,251,292,474,336,210,137,138,115,130,284,422,170,215,263,342,360,178,218,132,89,162,245,699,378,384,524,872,514,323,199,171,86,174,315,527,242,300,512,724,489,255,146,128,80,174,339
23,Amhara Regional Health Bureau,Central Gondar ZHD,Takusa WorHO,22,8,15,22,45,66,25,27,18,20,44,149,19,8,14,26,57,56,21,22,13,19,48,141,125,56,51,157,230,252,156,116,112,142,235,577,69,74,59,111,153,152,95,75,79,71,164,434,273,136,186,344,585,509,316,225,234,226,458,1190,126,102,123,217,334,300,172,120,108,121,230,873
24,Amhara Regional Health Bureau,Central Gondar ZHD,Tegede WorHO,100,57,81,114,89,64,55,53,43,50,51,41,90,42,61,73,83,67,34,47,43,36,28,29,340,210,344,400,364,211,183,175,129,81,116,109,222,135,299,277,343,194,144,98,104,68,79,88,611,531,821,778,748,402,318,214,218,136,142,180,322,266,311,402,552,195,176,170,113,77,109,120
25,Amhara Regional Health Bureau,Central Gondar ZHD,West Belesa WorHO,135,41,28,136,95,108,111,107,63,120,203,273,100,28,23,100,91,113,89,102,32,85,202,234,264,89,46,317,303,279,296,261,179,270,391,658,190,78,34,212,254,225,206,162,117,195,318,506,435,176,145,531,546,455,464,325,201,437,765,1228,325,133,146,379,380,252,286,238,172,354,558,1064
26,Amhara Regional Health Bureau,Central Gondar ZHD,West Dembia WorHO,23,19,19,28,49,24,16,15,23,27,29,114,24,9,14,39,37,35,13,10,28,19,33,96,121,33,42,92,173,136,55,53,78,93,171,353,109,26,37,86,187,113,33,33,43,61,141,251,304,129,199,281,442,314,210,115,140,148,319,687,238,45,71,133,315,172,116,65,90,95,285,469
27,Amhara Regional Health Bureau,Central Gondar ZHD,Wogera WorHO,5,4,1,12,9,3,1,,,2,1,5,7,,2,11,18,8,1,,,1,,6,21,14,12,22,49,29,22,9,5,4,11,26,19,5,3,3,30,25,15,6,9,5,4,12,78,84,121,147,164,126,66,46,38,48,44,69,25,20,31,114,50,47,31,15,6,7,18,33
28,Amhara Regional Health Bureau,East Gojjam ZHD,Aneded WorHO,4,2,6,5,4,9,3,2,2,1,1,,5,2,3,8,2,1,,1,,1,2,,24,9,10,28,15,9,6,4,9,7,5,6,25,8,4,22,18,5,6,,8,5,2,4,54,53,42,77,98,65,17,26,16,20,26,38,27,22,21,34,43,20,31,12,9,19,26,22
29,Amhara Regional Health Bureau,East Gojjam ZHD,Awabel WorHO,2,4,10,13,9,5,3,2,4,1,1,4,,3,10,6,10,,1,2,3,,2,,13,26,42,82,57,21,12,7,12,13,6,8,3,20,46,59,61,15,6,10,11,5,5,11,35,54,68,164,111,82,32,35,19,14,19,31,12,22,75,97,38,41,20,17,12,10,9,16
30,Amhara Regional Health Bureau,East Gojjam ZHD,Baso Liben WorHO,18,12,19,19,13,26,11,9,12,5,10,22,12,13,10,21,21,36,26,8,9,6,19,21,106,79,104,193,172,195,107,71,52,28,48,84,54,36,43,81,97,125,41,29,17,20,30,54,547,280,423,730,931,906,506,254,158,103,197,362,219,131,155,287,478,380,178,100,49,58,91,154
31,Amhara Regional Health Bureau,East Gojjam ZHD,Bibugn WorHO,,,,3,5,3,,,,,2,3,1,,1,,2,4,,,,2,2,4,4,3,2,1,6,2,1,,,,4,13,,,1,3,,,1,2,1,1,2,3,10,11,25,13,28,31,18,13,12,12,13,29,5,3,6,5,7,5,3,5,3,2,10,22
32,Amhara Regional Health Bureau,East Gojjam ZHD,Debay Tilatgin WorHO,,,,,,,,,,,,,,,,,,,,,,,,,,1,,,,,,1,,,,,,,,,,1,,,,,,2,9,11,8,8,5,11,10,9,9,19,8,17,8,,,,,5,,1,2,4,9,17
33,Amhara Regional Health Bureau,East Gojjam ZHD,Debre Elias WorHO,4,1,8,3,3,2,,11,,,8,7,4,2,1,2,3,2,2,8,1,,3,5,27,18,9,11,16,9,7,10,4,4,12,16,12,8,6,7,11,102,1,7,1,2,6,16,163,122,137,186,245,78,52,41,39,25,112,216,45,37,43,39,37,38,18,29,12,7,38,57
34,Amhara Regional Health Bureau,East Gojjam ZHD,Debre Markos WorHO,,,,,,,,1,,,1,4,,,,,2,,,,1,,3,3,1,,1,,1,3,1,,,1,1,1,1,,1,,8,,,,,,1,,29,28,31,47,46,56,29,20,15,24,74,70,11,9,5,5,6,7,4,15,5,16,32,38
35,Amhara Regional Health Bureau,East Gojjam ZHD,Dejen WorHO,,1,,,,,,,1,1,,,1,,,,,,,,,,,,5,2,6,9,15,12,3,2,,2,,,2,,1,2,,5,1,,,,,,25,22,24,42,68,71,26,17,57,35,32,26,5,7,7,10,5,18,2,12,3,1,13,6
36,Amhara Regional Health Bureau,East Gojjam ZHD,Enarge Enawga WorHO,1,7,,1,,3,,,,,1,1,2,2,1,4,1,1,,,,3,,,19,17,12,10,18,34,10,6,6,3,5,6,4,10,3,1,1,,,,,1,3,,40,44,38,43,72,104,47,29,8,11,23,16,3,18,2,5,2,7,1,6,2,,,7
37,Amhara Regional Health Bureau,East Gojjam ZHD,Enebse Sar Midir WorHO,,,,,,,,,2,,,,,2,4,1,,4,,,,,,2,11,6,3,9,25,27,16,11,9,6,2,14,3,6,8,7,8,3,5,7,6,1,1,5,83,52,31,75,162,139,66,81,40,53,40,54,7,18,5,11,20,19,30,6,10,10,10,4
38,Amhara Regional Health Bureau,East Gojjam ZHD,Enemay WorHO,,,,,,,,,,,,,,,,,,,,,,,,,4,1,,3,2,1,,2,,1,1,3,1,7,1,1,,2,1,1,,,,1,5,1,7,7,9,21,4,4,8,3,4,5,9,4,2,2,9,6,1,1,1,2,,6
39,Amhara Regional Health Bureau,East Gojjam ZHD,Goncha WorHO,,,,,,,1,,2,,1,6,2,1,1,,1,,4,2,2,1,,8,9,3,7,4,6,4,1,2,6,2,4,20,10,2,6,2,11,6,3,12,1,3,4,17,30,26,44,25,64,30,36,20,21,10,18,105,16,30,11,12,25,14,9,7,3,3,6,54
40,Amhara Regional Health Bureau,East Gojjam ZHD,Gozamin WorHO,6,4,5,5,8,8,1,3,1,5,1,3,3,3,8,6,6,5,1,,,2,1,6,14,16,17,33,26,35,17,8,3,5,4,10,14,13,16,10,10,25,5,4,2,5,4,10,111,122,162,315,349,270,161,98,35,56,72,117,67,61,87,93,143,135,52,46,12,14,22,56
41,Amhara Regional Health Bureau,East Gojjam ZHD,Hulet Eju Nese WorHO,51,34,24,22,31,32,15,15,11,12,12,44,28,26,19,17,29,21,6,13,6,7,9,42,55,26,24,28,44,31,12,10,9,8,17,108,38,23,18,20,32,35,10,18,12,5,10,72,129,60,37,69,96,88,61,36,31,15,36,205,95,50,30,41,86,71,38,28,20,20,25,156
42,Amhara Regional Health Bureau,East Gojjam ZHD,Machakel WorHO,4,1,2,,,,,,,,,,1,2,,,,,,,,,1,1,3,,,,,,,1,,3,5,4,,2,,,,,,,,,,1,17,14,14,11,13,18,9,7,14,14,34,26,14,13,5,2,5,3,3,,3,6,23,19
43,Amhara Regional Health Bureau,East Gojjam ZHD,Motta WorHO,1,1,,1,5,12,12,5,,,,1,1,,1,,2,4,5,7,,,2,5,2,2,1,3,2,7,6,6,,1,4,6,9,,,,1,6,4,4,,1,2,9,16,5,3,6,20,22,10,12,2,7,19,21,13,4,4,2,3,9,12,14,1,4,6,24
44,Amhara Regional Health Bureau,East Gojjam ZHD,Sedie WorHO,,,,,,1,,,,,,2,,,,,,,,1,,,,4,3,1,,,,1,,,,,,10,5,1,,,2,,2,,,,1,22,12,9,4,3,4,7,2,8,2,2,4,34,5,2,3,1,2,3,3,,,,5,29
45,Amhara Regional Health Bureau,East Gojjam ZHD,Shebel Berenta WorHO,1,1,,,2,3,,,,,,,,,,,,,,1,,,,1,8,13,9,17,40,47,22,19,3,2,2,2,2,7,,1,1,5,1,5,2,1,1,2,49,26,49,111,213,263,109,36,28,27,24,23,4,3,5,26,19,12,8,8,4,8,5,7
46,Amhara Regional Health Bureau,East Gojjam ZHD,Sinan WorHO,,,,,,,,,,,,,,,,,,,,,,,,,,,,,1,1,,,,1,,,,,1,,,,,,,,,,4,12,5,7,13,14,7,11,3,7,10,20,,,2,2,1,,,1,4,,2,2
47,Amhara Regional Health Bureau,North Gondar ZHD,Adi Arkay WorHO,,,,,,5,2,2,2,16,1,3,,,,,,7,1,,2,16,2,1,,,,,3,3,2,,2,65,3,11,,,,,1,1,,,2,48,11,6,,,,,12,12,7,8,5,47,29,41,,,,,6,5,4,6,9,22,18,16
48,Amhara Regional Health Bureau,North Gondar ZHD,Beyeda WorHO,,,,,,,,,,,,1,,,,,,,,1,,,,,,2,1,,,,,,,,,,,,,,,3,,,,,,,8,9,5,55,48,50,33,28,23,9,13,10,3,15,38,10,6,5,6,7,2,2,7,3
49,Amhara Regional Health Bureau,North Gondar ZHD,Dabat WorHO,108,26,18,65,31,38,23,18,17,19,17,50,115,34,34,41,34,32,18,19,14,29,20,37,210,88,49,102,87,70,52,48,61,39,70,134,157,61,42,102,65,97,43,53,48,46,50,111,298,143,109,195,355,166,122,101,110,59,101,199,213,93,68,103,91,88,64,72,75,67,84,135
50,Amhara Regional Health Bureau,North Gondar ZHD,Debark Town WorHO,,,,,,,,,,,,,,,,,,,,1,,,,,,,,,,,,,,,,,,,,,,,,,,,,,18,11,24,12,31,28,20,21,28,22,41,29,1,,,8,2,3,7,1,,6,,
51,Amhara Regional Health Bureau,North Gondar ZHD,Debark Zuria WorHO,44,2,10,5,17,15,6,3,,,3,6,26,3,7,10,14,13,1,,5,,,2,71,7,4,18,35,50,11,16,7,,6,25,54,9,11,35,20,27,5,25,8,4,3,14,136,50,54,123,144,124,133,43,49,35,44,51,100,22,38,35,75,51,26,28,13,21,14,19
52,Amhara Regional Health Bureau,North Gondar ZHD,Janamora WorHO,12,4,4,11,21,2,,7,2,,1,7,8,5,9,21,7,5,3,6,1,4,,,15,17,23,63,26,13,6,14,5,2,1,4,9,17,13,34,27,11,5,16,1,4,1,5,63,45,105,184,170,74,46,65,41,23,15,28,42,26,68,65,83,22,13,6,17,10,7,9
53,Amhara Regional Health Bureau,North Gondar ZHD,Telemt WorHO,,,,,,,,,,,,,,,,,,,,,,,,,,,,,,,,,,,,,,,,,,,,,,,,,,,,,,,,,,,,,,,,,,,,,,,,
54,Amhara Regional Health Bureau,North Shewa ZHD,Angolala Tera WorHO,,,,,,,,,,,,,,,,,,,,,,,,,,,,,,,,,,,,,,,,,,,,,,,,,,,,,,,,,,,,,,,,,,,,,,,,
55,Amhara Regional Health Bureau,North Shewa ZHD,Ankober WorHO,,,,,,,,1,,1,,,,,,,,1,,,,,,,,,1,,,,,,,,,,,,,,,,,,,,,,2,6,2,3,3,1,7,3,1,1,1,4,2,,2,2,1,,1,,,,,
56,Amhara Regional Health Bureau,North Shewa ZHD,Antsokia Gemza WorHO,1,,1,,,,,,1,,,,,,,2,1,,,,,,,1,2,1,1,2,,,,,,,,1,,,,5,,,,,,,,,9,3,16,16,9,1,3,,,,,3,1,1,4,8,2,2,1,,,,,1
57,Amhara Regional Health Bureau,North Shewa ZHD,Asagirt WorHO,,,,,,,,,,,,,,,,,,,,,,,,,,,,,,,,,,,,,,,,,,,,,,,,,,,1,,,,,,,,,,,,,,,,,,,,,
58,Amhara Regional Health Bureau,North Shewa ZHD,Basona Werana WorHO,,,,,,,,,,,,,,,,,,,,,,,,,,,,,,,,,,,,,,1,,,,,,,,,,,,,,,,,,,,,,,,,,,,,1,,,,,
59,Amhara Regional Health Bureau,North Shewa ZHD,Berehet WorHO,,,,,,,,,,,,,,,2,2,,1,,2,1,1,,,,,2,1,,,1,1,1,1,,1,,,,1,2,,,,1,1,,,10,9,18,21,23,14,13,9,8,9,6,3,,3,2,5,1,4,,5,,,1,4
60,Amhara Regional Health Bureau,North Shewa ZHD,Debere Birhan Town WorHO,,,,,,,,,,1,1,,,,,,,,,,,,,,,,,,,,,,,1,2,,,,,,,,,,,,,,2,1,,6,2,2,,1,2,,1,,,1,1,,2,,,,,,,1
61,Amhara Regional Health Bureau,North Shewa ZHD,Efratana Gidim WorHO,2,1,,2,,,1,4,4,2,1,,2,,1,,,,,,,,1,1,2,3,3,1,,,,,2,1,1,3,,,1,1,,,,2,2,1,2,2,25,9,15,5,1,,4,4,10,8,7,6,11,12,7,6,,,1,6,3,4,7,1
62,Amhara Regional Health Bureau,North Shewa ZHD,Ensaro WorHO,2,16,15,16,4,12,3,3,1,1,1,1,2,13,12,10,5,5,2,1,,2,1,1,19,13,81,40,35,14,7,4,2,7,8,5,10,13,54,19,43,12,5,4,5,3,4,4,82,130,198,149,125,61,48,28,26,20,12,64,30,52,108,58,39,40,11,11,10,9,7,16
63,Amhara Regional Health Bureau,North Shewa ZHD,Gishe WorHO,,,,,,,,,,,,,,,,,,,,,,,,,,,,,,,,,,,,,,,,,,,,,,,,,,,1,,,,,,,,,,,,1,,,,,,,,,
64,Amhara Regional Health Bureau,North Shewa ZHD,Hagere Mariam WorHO,,,,,,,,,,,,,,,,,,,,,,,,,,,,,,,,,,,,,,,,,,,,,,,,,,,,,3,,,,,1,1,1,,,,,,,1,1,,,,
65,Amhara Regional Health Bureau,North Shewa ZHD,Kewet WorHO,,,1,,,,,1,,1,,,,,1,,,,,,,,,,,2,2,4,,,,1,,,,,,1,1,2,,,,,,2,,,7,4,9,5,,,2,1,1,1,,2,2,1,6,6,,,,1,1,4,1,1
66,Amhara Regional Health Bureau,North Shewa ZHD,Menz Gera Midir WorHO,,,,,,,,,,,,,,,,,,,,,,,,,2,,,,,,,,,,,,2,,,1,,,,,,,,,4,4,,1,,,,,,,,4,2,,,,,,,,,,,1
67,Amhara Regional Health Bureau,North Shewa ZHD,Menz Keya Gebreal WorHO,,,,,,,,1,,1,,,,2,1,,,,,,,,,,1,2,2,,,1,1,,,1,,,,,1,,,,,,,,,,1,5,14,10,,3,3,5,5,3,1,2,1,1,2,2,,2,,1,,,1,
68,Amhara Regional Health Bureau,North Shewa ZHD,Menz Lalo Midir WorHO,,,,,,,,,,,,,,,,,,,,,,,,,,,,,,,,,,,,,,,,,,,,,,,,,,,,,,,,,,,,,,,,,,,,,,,,
69,Amhara Regional Health Bureau,North Shewa ZHD,Menz Mama Midir WorHO,,,,,,,,3,,,,,,,,,,,,9,,,,,,,,,,,,,,,,,,1,,,,,,1,,,,,,,1,,,,,,,,,1,,,,,,,,,,,,
70,Amhara Regional Health Bureau,North Shewa ZHD,Merhabete WorHO,1,9,13,9,4,5,1,5,,,,4,,9,11,3,2,2,3,2,2,1,1,,37,17,25,39,20,16,18,8,13,1,5,9,23,9,22,46,5,14,17,8,2,10,4,3,71,77,132,236,112,153,141,93,84,72,67,72,17,42,107,72,38,38,39,25,45,29,20,18
71,Amhara Regional Health Bureau,North Shewa ZHD,Mida Woremo WorHO,4,3,6,12,11,7,2,38,,2,2,,5,4,5,10,6,2,1,62,1,,1,3,34,71,69,150,78,104,39,306,30,18,26,34,17,9,14,30,45,19,7,141,3,1,1,7,73,115,135,309,236,170,85,95,74,27,49,71,43,10,37,41,35,15,4,41,8,4,3,2
72,Amhara Regional Health Bureau,North Shewa ZHD,Minjarina Shenkora WorHO,,,2,,,,,,,,,,,,1,,,,,,,,,,,,,,5,,2,,,,,,,,5,,10,,5,,,,,,4,6,12,20,12,3,1,2,1,2,3,3,2,,1,4,10,1,,,,1,1,
73,Amhara Regional Health Bureau,North Shewa ZHD,Mojana Wodera WorHO,,,,,,,,,,,,,,,,,,,,,,,,,,,,,,,,,,,,,,,,,,,,,,,,,1,,,6,,,,,1,3,,,,,,,1,,,,,,,
74,Amhara Regional Health Bureau,North Shewa ZHD,Moretna Jiru WorHO,,,,,,,,,3,,,,,,,,,,,,,,,,4,,,1,,,,,4,4,,1,2,,,,1,,,1,7,9,,,13,50,17,51,54,20,52,35,12,10,21,15,28,1,1,,3,26,2,3,4,,11,12
75,Amhara Regional Health Bureau,North Shewa ZHD,Saya Deberna Wayu WorHO,,,,1,,,,,,,,,,,,,,,,,,,,,,,,,,,,,,,,,,,,,,,,,,,,,,2,1,,3,1,2,1,,,,1,,3,1,,,,,,,,,2
76,Amhara Regional Health Bureau,North Shewa ZHD,Shewarobit WorHO,7,2,4,10,,1,4,5,,1,2,3,1,1,2,4,,6,3,,,1,3,7,14,6,14,4,,8,7,4,8,5,10,13,10,6,9,7,,12,7,2,6,7,3,7,66,32,61,59,,43,39,27,39,39,43,30,32,21,32,31,,2,21,15,11,19,16,9
77,Amhara Regional Health Bureau,North Shewa ZHD,Taremaber WorHO,,,,,,,,,,,,,,,,,,,,,,,,,,,1,,,,,,,,,,,,,,,,,,,,,,2,,1,1,,1,1,,1,,2,2,,,,1,,,,1,,1,,
78,Amhara Regional Health Bureau,North Wollo ZHD,Angot WorHO,,,,,,,,,,,,,,,,,,,,,,,,,,,,,,,,,,,,,,,,,,,,,,,,,,,,,,,,,,,,,,,,,,,,,,,,
79,Amhara Regional Health Bureau,North Wollo ZHD,Bugina WorHO,,,,,,,3,3,3,4,1,1,,,,,,,1,3,3,14,1,,,,,,,,21,9,11,25,13,25,,,,,,,5,7,6,9,3,4,,,,,,,92,25,12,14,14,49,,,,,,,10,9,19,10,12,19
80,Amhara Regional Health Bureau,North Wollo ZHD,Dawunt WorHO,,,,,,,,,,,,,,,,,,,,,,,,,,,,,,,10,2,1,,,,,,,,,,,,2,,,,,,,,,,13,5,10,2,6,7,,,,,,,2,,1,,,
81,Amhara Regional Health Bureau,North Wollo ZHD,Gazo WorHO,,,,,,,,,,3,,,,,,,,,,,,,,,,,,,,,,,,,,,,,,,,,,,,,,,,,,,,,,,1,4,,5,,,,,,,,,,5,,
82,Amhara Regional Health Bureau,North Wollo ZHD,Gidan WorHO,,,,,,,,,,,,1,,,,,,,,,,,,,,,,,,,,,,,,,,,,,,,,,,,,,,,,,,,,,,1,2,1,,,,,,,,,2,,,5
83,Amhara Regional Health Bureau,North Wollo ZHD,Guba Lafto WorHO,,,,,,,,7,2,5,1,2,,,,,,,,,,,2,2,,,,,,,,4,15,7,13,2,,,,,,,,,7,5,9,4,,,,,,,2,35,119,78,29,22,2,,,,,,,10,11,17,7,6
84,Amhara Regional Health Bureau,North Wollo ZHD,Habru WorHO,,,,,,,,,,1,2,18,,,,,,,,,3,,3,13,,,,,,,,,13,15,10,14,,,,,,,,,3,11,5,10,,,,,,,1,1,12,24,67,66,,,,,,,1,,11,14,27,68
85,Amhara Regional Health Bureau,North Wollo ZHD,Kobo Town WorHO,,,,,,,15,20,11,14,3,14,,,,,,,6,8,6,5,3,7,,,,,,,8,6,6,5,5,10,,,,,,,3,5,8,5,4,4,,,,,,,38,23,24,25,19,25,,,,,,,38,10,7,8,12,14
86,Amhara Regional Health Bureau,North Wollo ZHD,Lalibela Town WorHO,1,,,,,,,,,,,,,,,,,,,,,,,,,,,,,,,1,,,4,,1,,,,1,,,1,,,4,,7,,,3,,,1,4,1,9,21,27,4,,,,,,,,2,2,13,17
87,Amhara Regional Health Bureau,North Wollo ZHD,Lasta WorHO,,,,,,,,1,7,9,14,25,,,,,,,,1,6,8,9,20,,,,,,,,,20,14,23,51,,,,,,,,,7,15,23,64,,,,,,,,2,62,40,69,138,,,,,,,,2,43,21,60,85
88,Amhara Regional Health Bureau,North Wollo ZHD,Mekete WorHO,2,5,,,3,,,4,,1,2,9,,1,,,1,,,,1,3,4,9,9,,,,,13,9,8,8,7,9,19,10,,,,,4,6,,2,3,16,24,26,32,,3,55,60,37,37,20,15,41,54,9,7,,,86,9,19,15,8,,37,44
89,Amhara Regional Health Bureau,North Wollo ZHD,Raya Kobo WorHO,,,,,,,,,5,6,7,1,1,,,,,,,1,3,3,1,10,2,,,,,,,10,10,11,13,11,1,,,,,,,8,9,2,7,10,19,,,,,,,14,18,27,35,48,2,,,,,,,6,11,15,22,29
90,Amhara Regional Health Bureau,North Wollo ZHD,Wadila WorHO,,,,,,,,,,,,,,,,,,,,,,,,,,,,,,,,,,6,,,,,,,,,,,,3,,,,,,,,,,,15,,2,5,,,,,,,,,13,1,,1
91,Amhara Regional Health Bureau,North Wollo ZHD,Woldia Town WorHO,,,,,,,,,,,,,,,,,,,,1,,,,,,,,,,,,1,,1,,,,,,,,,,,,,,,,,,,,,1,4,5,6,6,2,,,,,,,,1,3,8,,
92,Amhara Regional Health Bureau,Oromia Special ZHD,Artuma Fursi WorHO,6,4,3,5,,,,1,1,1,3,1,2,7,3,3,,,,1,,1,10,,10,10,13,9,,,,3,2,2,8,6,8,14,20,8,,,1,1,1,2,8,2,22,22,38,28,,,2,6,4,12,7,6,10,17,14,18,1,1,,10,3,13,5,16
93,Amhara Regional Health Bureau,Oromia Special ZHD,Bati Town WorHO,2,2,5,3,,,2,2,1,3,,,2,2,,,,,,1,3,1,1,,4,4,3,1,,,,2,2,3,,,1,4,1,,,,,1,3,2,1,1,10,9,16,10,,,3,9,11,11,5,12,4,1,8,,,,3,6,6,6,4,9
94,Amhara Regional Health Bureau,Oromia Special ZHD,Bati Woreda WorHO,3,2,5,5,,,4,3,4,4,2,2,,1,3,,,,1,,3,4,2,2,2,,3,8,1,,4,3,16,5,4,2,4,,3,3,2,,1,1,4,3,1,4,10,9,10,31,2,,15,10,24,11,15,15,3,1,9,9,1,,6,4,2,6,9,2
95,Amhara Regional Health Bureau,Oromia Special ZHD,Dawa Chefa WorHO,6,6,4,3,,,3,2,4,3,14,9,3,1,5,,,,1,,2,2,4,14,6,4,4,8,,,6,5,11,12,20,25,3,5,6,3,,,,,4,8,16,28,25,26,20,28,,,10,9,11,25,51,63,6,14,10,11,,2,7,6,4,18,42,58
96,Amhara Regional Health Bureau,Oromia Special ZHD,Dawa Harewa WorHO,1,1,2,1,,,4,1,,,,6,1,1,3,4,,,,,,1,1,8,9,5,3,7,,,13,10,4,9,9,10,6,5,2,2,,,5,3,2,7,2,11,14,1,19,29,,2,11,5,3,13,14,20,13,7,6,24,,,3,7,2,7,9,14
97,Amhara Regional Health Bureau,Oromia Special ZHD,Jile Timuga WorHO,16,8,14,10,2,1,9,3,6,5,10,5,9,9,10,15,3,,4,2,5,4,9,7,20,8,21,32,4,,14,13,6,6,10,15,26,18,17,21,5,,10,16,7,7,15,13,30,25,28,43,2,1,7,16,9,11,11,30,39,27,24,38,1,,7,14,13,8,5,29
98,Amhara Regional Health Bureau,Oromia Special ZHD,Kemissie Town WorHO,1,4,,,,,,1,,3,,5,4,2,,,,,1,,1,3,,2,,2,1,2,,,,3,,2,2,6,3,3,,,,,1,1,1,2,4,3,11,9,2,4,,,7,13,2,4,15,17,5,3,2,1,,,10,,3,2,6,13
99,Amhara Regional Health Bureau,South Gondar ZHD,Andabet WorHO,28,6,7,5,6,12,5,3,4,10,10,44,25,11,9,8,6,15,3,6,5,3,7,41,63,22,8,7,16,25,5,11,14,14,38,179,40,17,7,8,13,12,11,4,9,12,24,124,156,74,59,52,127,78,29,31,43,46,99,322,109,32,20,25,48,41,29,15,24,27,56,255
100,Amhara Regional Health Bureau,South Gondar ZHD,Debretabor Town WorHO,,1,,1,1,3,1,,,,2,5,,,1,1,1,,,,,,,2,4,3,1,1,7,1,,,,,2,9,,2,1,,2,2,1,,,,1,2,43,11,41,67,100,38,19,26,29,19,48,117,11,5,7,16,21,10,10,6,2,8,19,36
101,Amhara Regional Health Bureau,South Gondar ZHD,Dera WorHO,244,107,54,44,85,52,11,17,25,75,60,429,207,86,50,43,44,41,11,10,15,49,108,386,780,192,134,72,114,73,34,29,47,182,516,1274,510,121,82,58,55,74,31,33,48,120,259,875,1081,281,210,242,367,225,104,88,88,243,517,1760,824,142,92,82,138,121,71,39,58,143,335,1255
102,Amhara Regional Health Bureau,South Gondar ZHD,EbinatWorHO,46,18,4,56,71,35,5,9,8,5,8,45,38,23,1,31,88,34,7,9,6,4,8,42,100,53,3,70,166,89,37,19,23,15,41,204,89,39,2,68,105,53,23,11,36,28,24,121,254,127,25,304,540,245,102,92,110,93,155,469,154,60,8,90,266,133,48,38,46,43,72,290
103,Amhara Regional Health Bureau,South Gondar ZHD,Estie WorHO,8,17,9,29,5,9,2,9,3,2,37,82,7,8,3,6,3,5,4,10,4,1,14,66,28,17,19,10,16,11,5,18,13,25,16,133,18,10,5,10,6,9,6,19,17,25,40,107,172,187,243,317,276,194,187,191,170,134,145,358,66,36,37,108,65,37,56,90,56,37,30,171
104,Amhara Regional Health Bureau,South Gondar ZHD,Farta WorHO,1,3,3,3,15,9,,2,4,4,10,51,5,4,1,3,8,4,1,1,4,2,3,35,7,13,10,7,41,17,19,10,3,13,16,136,8,4,7,8,15,6,4,3,2,6,11,86,48,59,94,108,181,103,108,35,34,50,84,262,8,9,21,27,37,55,21,10,3,15,12,163
105,Amhara Regional Health Bureau,South Gondar ZHD,Fogera WorHO,152,100,108,71,106,86,36,28,18,25,48,248,126,88,73,58,84,70,23,30,9,18,62,163,355,119,130,141,219,188,55,34,38,53,138,574,329,110,124,110,174,148,49,29,37,46,116,506,488,184,176,252,369,240,114,28,44,88,202,908,321,124,128,159,254,161,84,30,24,62,147,691
106,Amhara Regional Health Bureau,South Gondar ZHD,Guna begemider WorHO,9,,3,3,6,3,3,,,1,2,1,3,,1,1,9,2,4,2,,,4,3,25,2,7,16,34,13,10,6,3,5,2,28,12,2,4,10,14,8,6,4,2,1,5,28,82,14,25,57,179,139,73,52,53,39,71,136,46,9,17,26,58,31,12,26,11,6,23,81
107,Amhara Regional Health Bureau,South Gondar ZHD,Lay Gayint WorHO,11,18,11,11,26,6,10,,,1,,3,13,17,6,36,22,7,26,2,5,4,2,3,17,29,14,44,100,36,28,8,17,9,6,15,16,7,20,54,98,53,28,10,19,11,17,20,81,29,41,158,380,166,107,117,69,55,53,79,29,12,45,20,143,41,27,34,9,6,28,17
108,Amhara Regional Health Bureau,South Gondar ZHD,Libo Kemkem WorHO,124,38,33,78,94,74,31,17,22,41,45,245,112,39,23,73,93,63,23,13,19,24,40,184,477,119,106,268,472,310,108,77,81,138,178,802,340,92,75,206,387,243,97,44,74,126,128,635,715,262,239,505,896,538,270,179,136,220,424,1706,560,147,166,327,673,402,118,103,106,174,296,1118
109,Amhara Regional Health Bureau,South Gondar ZHD,Mena meketewa WorHO,,,,,,,,,,5,,,,,,,,,,,,,,,4,6,2,6,16,6,10,2,6,3,4,5,,17,1,2,7,6,9,1,,,2,1,62,74,78,127,174,98,55,37,41,30,48,76,5,13,25,17,12,14,5,4,2,11,6,12
110,Amhara Regional Health Bureau,South Gondar ZHD,Sedie Muja WorHO,2,4,2,10,9,18,7,3,,2,3,18,1,1,,15,8,6,,5,,5,4,7,28,19,16,45,45,28,27,17,7,16,19,40,14,17,23,51,25,21,24,18,9,14,19,20,70,52,48,111,126,64,52,31,47,61,63,113,29,26,19,45,71,46,30,16,29,32,29,68
111,Amhara Regional Health Bureau,South Gondar ZHD,Simada WorHO,13,8,4,4,7,4,3,1,1,,,3,8,3,,2,5,7,,,2,,2,5,43,11,11,12,30,33,3,8,7,1,4,31,35,11,6,7,10,32,4,5,2,1,3,17,128,123,155,135,161,135,68,90,66,44,25,82,66,36,19,21,38,24,22,16,16,9,14,37
112,Amhara Regional Health Bureau,South Gondar ZHD,Tach Gayint WorHO,2,9,1,,,1,,,,,,1,1,,,1,,,,,,1,,1,5,3,3,4,8,10,2,4,,,,1,4,2,1,1,3,1,1,1,1,3,7,4,41,23,48,62,74,108,33,48,38,21,18,45,7,12,4,16,12,4,16,11,1,1,12,12
113,Amhara Regional Health Bureau,South Gondar ZHD,Woreta WorHO,92,32,26,21,31,23,8,6,9,5,50,118,53,18,27,10,24,14,6,,4,3,42,79,185,46,42,39,53,47,15,11,10,29,89,198,116,33,33,34,37,37,7,7,1,8,71,186,351,79,87,80,146,63,34,13,20,34,180,449,214,59,60,69,82,99,30,8,9,26,160,411
114,Amhara Regional Health Bureau,South Wollo ZHD,Albuko WorHO,,,,,,,,,,,,,,,,,,,,,,,,,,,,,,,,,,,,,,,,,,,,,,,,,2,4,6,4,,,,,2,,7,1,,,1,1,,,3,,,,3,
115,Amhara Regional Health Bureau,South Wollo ZHD,Ambasel WorHO,1,,,,,,,,,,,,1,,,,,,,,,,,,,,,,,,,,,1,,,1,,1,,,,,,,,1,,2,3,4,,,,1,1,2,3,7,7,1,,,,,,,,1,1,,
116,Amhara Regional Health Bureau,South Wollo ZHD,Argoba WorHO,,1,3,2,,,1,,,2,,2,,,2,2,,,1,,1,,,1,4,3,7,6,1,2,3,2,3,1,3,2,,1,2,4,1,1,2,,1,3,5,5,8,9,16,34,1,5,10,2,9,12,12,12,1,2,6,5,,,1,,4,3,7,1
117,Amhara Regional Health Bureau,South Wollo ZHD,Borena WorHO,,,,,,,,,,,,,,,,,1,,,,,,,1,4,1,8,3,1,13,4,1,1,2,7,4,,5,,7,5,1,,3,,2,2,,37,14,21,50,44,16,31,17,22,14,32,30,1,5,11,9,4,1,1,4,2,2,2,10
118,Amhara Regional Health Bureau,South Wollo ZHD,Delanta WorHO,,1,,,,,,,,,,,2,,,,,,,,1,,,1,,1,,,,,,,,,,5,,,,,,,,,1,,,1,1,16,5,,,,2,3,15,2,7,7,1,1,,,,,,1,4,2,3,5
119,Amhara Regional Health Bureau,South Wollo ZHD,Dessie Zuriya WorHO,,,,,,,,,,,,,,,,,,,,,,,,,,,,,,,,,,,,,,,,,,,,,,,3,,,,1,,,,,2,1,,,1,,,1,,,,1,,,1,,1
120,Amhara Regional Health Bureau,South Wollo ZHD,Jama WorHO,,,,,,,,,,,,,,,,,,,,,,,,,,,,,,,,,,,,,,,,,,,,,,,,1,4,4,4,1,,,,,,,,,2,1,5,1,,,,,,,,
121,Amhara Regional Health Bureau,South Wollo ZHD,kallu WorHO,21,12,14,,,,2,4,7,4,21,45,23,13,11,,,,1,5,8,4,16,30,32,29,42,,,,4,9,42,13,56,68,19,14,26,,,,4,7,26,60,46,42,143,87,141,,,,39,31,86,135,115,177,89,65,95,,,,23,26,56,90,104,158
122,Amhara Regional Health Bureau,South Wollo ZHD,Kelela WorHO,,2,2,,,,2,,3,,,,,,1,,,,,,1,,1,,8,23,13,,,,16,9,10,3,,9,,2,2,,,,3,3,,,1,,75,69,38,,,,52,33,25,20,11,28,6,15,40,,,,6,1,,,3,2
123,Amhara Regional Health Bureau,South Wollo ZHD,Kombolcha Town WorHO,1,,,,,,,,,1,2,,,,,,,,,,,,4,,2,1,3,,,,,,1,2,,,4,,5,,,,,1,,,,,15,17,31,,,,4,2,32,14,11,58,11,21,33,,,,2,,21,5,8,65
124,Amhara Regional Health Bureau,South Wollo ZHD,Kutaber WorHO,,1,,,,,,,,,,1,,,2,,,,,,,,,,1,1,1,,,,,,,,1,1,,,1,,,,,,,,,,,4,4,,,,2,,5,2,4,2,1,,,,,,,,,2,1,1
125,Amhara Regional Health Bureau,South Wollo ZHD,Legahida WorHO,,,,,,,,,1,,,,,,,,,,,,1,,,,2,,,,,,,,,,,,2,,,,,,,,,,,,2,2,2,,,,1,2,2,,,2,,2,2,,,,,,,,,
126,Amhara Regional Health Bureau,South Wollo ZHD,Legambo WorHO,,,,,,,,,,,,,,,,,,,,,,,,1,,,,,,,,,,,,,,,,,,,,,,,,,3,,1,,,,,,,5,2,1,,,,1,,,,,2,,,
127,Amhara Regional Health Bureau,South Wollo ZHD,Mehal Saint WorHO,1,,,,1,1,,1,,,1,2,2,,,,,,,,,,,,,1,,,1,7,,,,,,2,1,,1,2,2,1,,,,,,,15,4,10,16,15,34,,14,8,8,7,18,6,2,,3,1,,,1,1,1,,9
128,Amhara Regional Health Bureau,South Wollo ZHD,Mekdela WorHO,,,,,,,,,,,,,,,,,,,,,,,,,,,,,,,,,,,,,,1,,,,,,,,,,,2,6,5,,15,4,8,5,4,7,8,9,1,1,3,,8,1,1,,,3,2,4
129,Amhara Regional Health Bureau,South Wollo ZHD,Sayint WorHO,,,2,,1,,,13,,,2,3,,,1,,,1,,,,,2,4,5,1,4,,4,11,6,,3,6,3,5,3,3,2,,1,,2,4,4,2,2,2,30,11,15,,13,29,25,4,18,20,20,35,6,3,2,,6,3,7,12,3,,2,6
130,Amhara Regional Health Bureau,South Wollo ZHD,Tehulederie WorHO,,,1,,,,,,,4,2,4,,,,,,,,,,2,1,2,3,3,2,,,,,1,8,5,9,4,1,,,,,,,1,5,5,5,4,6,6,11,,,,2,3,19,18,28,26,9,1,2,,,,1,,8,11,9,17
131,Amhara Regional Health Bureau,South Wollo ZHD,Tenta WorHO,,1,,,,,,,,,,,,1,,,,,,,,,,,,3,,,,,,,,,,,,,,,,,,,,,,,4,1,4,,,,3,1,2,2,1,1,4,,2,,,,1,,,2,,
132,Amhara Regional Health Bureau,South Wollo ZHD,Werebabo WorHO,,,,,,,,1,1,2,,1,,,,,,,2,,2,,1,1,,,1,,,,5,,5,1,2,4,,,1,,,,4,,1,1,3,2,1,8,8,,,,17,3,8,11,7,5,,1,,,,,5,1,9,3,,2
133,Amhara Regional Health Bureau,South Wollo ZHD,Wereilu WorHO,,4,1,,,,,,,,,,,2,1,,,,,,,,,,,2,,,,,,,,,,,,,,,,,,,,,,,,1,,,,,,,,,1,,,,2,,,,,2,,,,
134,Amhara Regional Health Bureau,South Wollo ZHD,Wogidi WorHO,,,1,3,,,,,,,,,,,,,,,,,,,,,2,3,2,13,10,11,4,1,3,2,2,1,1,,1,,,2,,2,,1,,1,18,21,9,72,55,58,45,9,9,6,12,20,2,4,1,2,4,1,2,,3,1,1,11
135,Amhara Regional Health Bureau,Waghimera ZHD,Abergele WorHO,,,,,,,,,,,,,,,,,,,,,,,,,,,,,,,,,,,,,,,,,,,,,,,,,,,,,,,,,,,,,,,,,,,,,,,,
136,Amhara Regional Health Bureau,Waghimera ZHD,Dehana WorHO,,,,,,,,1,222,,,,,,,,,,,1,1,,1,,,3,,,,5,4,2,5,,2,18,,,,,,,1,10,3,4,,6,,17,,,,29,27,24,28,31,23,48,,1,,,,7,4,5,12,6,5,32
137,Amhara Regional Health Bureau,Waghimera ZHD,Gazgibla WorHO,,,,,,,,,2,15,2,,,,,,,,,,4,9,2,,,,,,,,3,,,,6,1,,,,,,,2,,3,3,2,2,,,,,,,4,,6,4,4,11,,,,,,,2,,1,,1,2
138,Amhara Regional Health Bureau,Waghimera ZHD,Sehala WorHO,6,9,9,21,39,40,24,23,33,27,18,8,7,13,11,20,80,48,30,35,34,19,25,1,26,48,44,92,93,102,71,81,50,55,41,26,13,33,26,48,88,69,59,71,75,40,16,15,80,85,128,188,188,177,131,142,161,91,44,48,30,32,37,97,147,165,68,110,123,75,37,16
139,Amhara Regional Health Bureau,Waghimera ZHD,Sekota Town WorHO,,,,,,,,,,,,,,,,,,,,,,,,,,,,,,,,,2,2,,1,,,,,,,,,2,,1,,,,,,,,,2,2,4,2,2,,,,,,,,,6,3,,1
140,Amhara Regional Health Bureau,Waghimera ZHD,Sekota Zuria WorHO,,,,,,,5,,1,,,,,,,,,,10,9,,,,,,,,,,,15,9,3,2,3,2,,,,,,,3,9,1,,,,,,,,,,6,9,12,17,11,18,,,,,,,,,5,3,11,8
141,Amhara Regional Health Bureau,Waghimera ZHD,Tsagibji WorHO,,,,,,,,,,,,,,,,,,,,,,,,,,,,,,,,,,,,,,,,,,,,,,,,,,,,,,,,,,,,,,,,,,,,,,,,
142,Amhara Regional Health Bureau,Waghimera ZHD,Ziquala WorHO,,,,,,,,1,4,1,1,,,,,,,,,1,1,2,,,,,,,,,,9,14,9,6,7,,,,,,,,5,6,2,2,,,,,,,,,51,54,25,37,15,,,,,,,,15,12,13,6,13
143,Amhara Regional Health Bureau,West Gojjam ZHD,Bahir Dar Zuria WorHO,97,51,98,134,236,166,86,59,67,54,153,507,72,47,73,109,190,113,63,29,55,73,137,384,220,116,207,393,570,346,170,118,130,112,232,949,200,103,138,307,469,273,139,87,104,60,206,1026,411,206,362,703,1269,586,262,113,164,189,685,1533,397,148,333,600,998,431,197,100,113,192,687,1374
144,Amhara Regional Health Bureau,West Gojjam ZHD,Bure Zuria WorHO,13,8,6,8,6,1,15,1,1,,,9,9,5,2,2,4,5,2,2,4,2,4,4,28,18,12,11,19,16,3,1,2,9,16,27,17,10,1,18,6,6,1,2,1,9,9,30,147,69,55,83,82,75,24,17,7,41,52,93,38,27,12,25,80,14,8,5,4,16,22,48
145,Amhara Regional Health Bureau,West Gojjam ZHD,Burie town  WorHO,2,,1,,1,3,3,,,1,2,2,1,,,3,3,3,,2,,1,2,2,2,1,2,4,2,7,2,2,,2,1,4,3,,3,2,9,2,2,1,2,4,4,1,31,12,10,17,22,30,13,8,7,20,27,20,23,12,9,17,11,19,9,5,6,12,27,31
146,Amhara Regional Health Bureau,West Gojjam ZHD,Debub Achefer WorHO,8,9,9,9,11,8,,4,4,3,13,36,8,8,5,7,9,,2,2,1,5,7,45,25,15,12,31,23,18,4,3,6,4,21,124,25,8,7,18,35,8,5,4,1,5,14,67,71,26,43,50,77,42,19,9,4,11,45,213,20,18,8,13,47,25,4,2,5,8,30,140
147,Amhara Regional Health Bureau,West Gojjam ZHD,Debub Mecha WorHO,2,,1,1,,,,1,2,,10,25,1,1,1,,,1,1,1,1,,11,15,2,,1,1,1,1,,,3,5,9,25,2,,,,1,1,,3,,,10,49,15,5,9,3,15,27,5,6,1,4,23,64,3,1,7,4,6,4,1,2,1,3,12,53
148,Amhara Regional Health Bureau,West Gojjam ZHD,Dega Damot WorHO,3,4,1,1,,2,4,2,,1,4,5,2,5,,1,,3,3,6,2,4,,1,4,3,2,4,2,3,3,5,4,6,4,10,1,4,1,1,1,5,,6,2,1,1,11,46,71,100,112,79,137,85,97,45,57,45,57,20,19,26,31,31,53,41,26,11,18,16,27
149,Amhara Regional Health Bureau,West Gojjam ZHD,Dembecha WorHO,13,8,10,3,8,7,8,2,3,3,4,3,11,7,11,2,10,7,2,3,2,1,3,8,42,24,42,17,77,45,31,17,18,28,31,48,29,16,25,26,39,35,22,13,14,16,16,32,100,51,124,83,150,151,99,65,64,75,117,209,60,42,86,55,82,82,68,27,40,34,50,132
150,Amhara Regional Health Bureau,West Gojjam ZHD,Finote Selam Town WorHO,10,9,6,3,5,11,7,9,14,14,51,48,10,5,6,5,2,11,6,4,7,8,40,43,7,12,4,15,7,8,13,8,12,21,76,45,12,8,1,21,5,7,5,6,10,17,57,42,50,38,38,63,63,41,36,27,40,99,164,148,39,27,25,28,37,26,21,18,23,66,131,112
151,Amhara Regional Health Bureau,West Gojjam ZHD,Gonji Kollela WorHO,20,9,5,4,11,7,5,6,4,5,2,33,16,7,1,3,7,10,4,1,4,1,2,24,41,20,13,11,27,10,8,3,6,4,15,85,44,9,6,16,21,16,10,7,1,7,10,67,80,41,45,115,144,81,47,32,34,38,44,221,63,36,29,30,80,52,24,12,18,13,29,166
152,Amhara Regional Health Bureau,West Gojjam ZHD,Jabi Tehnan WorHO,53,32,19,24,36,37,10,12,19,27,102,115,40,23,16,21,28,23,9,16,22,24,96,99,109,45,42,68,73,62,18,27,45,90,246,268,68,39,20,47,57,39,10,13,21,58,184,236,181,75,88,127,112,112,62,42,54,146,376,466,120,54,50,73,75,64,33,21,21,82,234,270
153,Amhara Regional Health Bureau,West Gojjam ZHD,Quarit WorHO,4,6,3,4,6,9,6,8,7,4,12,24,4,1,2,4,2,6,2,5,1,4,18,23,10,15,16,12,12,11,15,14,5,5,20,29,8,12,3,10,10,7,10,7,6,9,12,36,85,126,182,362,335,346,256,194,118,80,85,128,45,37,65,64,89,101,96,62,56,30,47,73
154,Amhara Regional Health Bureau,West Gojjam ZHD,Sekela WorHO,,,,,1,,3,1,1,,,3,,,,,,1,2,,1,2,1,2,3,9,6,5,5,4,1,1,2,4,1,13,2,5,2,1,1,2,2,1,3,2,2,3,126,166,141,90,155,151,84,68,51,60,43,85,17,41,33,19,12,23,22,12,16,8,4,29
155,Amhara Regional Health Bureau,West Gojjam ZHD,Semen Achefer WorHO,22,9,11,19,13,12,4,3,2,3,2,11,15,6,8,16,9,11,2,1,1,2,,7,92,22,21,52,55,35,14,12,9,8,19,25,60,19,17,34,51,43,8,11,11,13,20,32,171,73,84,132,185,84,48,29,39,22,43,112,126,46,31,92,80,64,21,12,14,10,21,45
156,Amhara Regional Health Bureau,West Gojjam ZHD,Semen Mecha WorHO,3,2,4,1,5,4,2,1,,,5,15,3,1,3,2,5,3,1,,2,2,4,17,8,2,8,8,16,10,3,2,,3,11,51,7,1,8,3,19,12,1,,3,2,10,46,26,13,21,27,44,32,5,4,6,10,35,135,16,6,16,18,22,22,5,1,2,6,28,73
157,Amhara Regional Health Bureau,West Gojjam ZHD,Wenberma WorHO,28,25,18,25,14,6,4,2,3,10,14,16,22,29,17,11,13,6,7,3,5,5,19,15,97,81,36,49,35,24,9,10,8,20,20,58,51,43,15,39,19,16,5,3,,22,23,56,250,189,80,180,122,99,38,14,13,73,129,239,129,69,56,84,45,33,14,8,8,60,81,104
158,Amhara Regional Health Bureau,West Gojjam ZHD,Yilmana Densa WorHO,18,6,7,7,18,18,5,5,1,3,8,26,21,3,7,11,25,12,4,3,2,4,2,16,28,10,15,19,49,29,8,8,5,8,20,77,27,6,13,20,29,33,9,8,8,7,20,63,110,125,158,310,423,278,130,127,85,70,73,210,62,27,27,56,102,113,52,38,21,24,39,113
159,Amhara Regional Health Bureau,West Gondar ZHD,Adagn Ager Chako WorHO,51,24,55,43,118,75,36,36,54,29,61,213,41,45,57,32,120,68,33,28,52,30,61,120,109,67,63,97,166,125,74,40,55,73,131,185,97,63,69,95,159,96,62,37,42,59,108,149,133,83,148,198,278,167,121,78,150,128,164,225,124,74,87,175,227,111,96,54,100,95,161,169
160,Amhara Regional Health Bureau,West Gondar ZHD,Gendawuha WorHO,25,19,43,28,31,19,12,12,23,16,15,33,27,23,16,36,19,12,9,8,16,16,17,17,37,34,57,96,66,78,36,15,37,40,24,47,41,35,36,162,58,69,20,11,44,50,20,53,111,102,200,240,209,111,101,41,71,70,65,101,105,52,87,139,105,63,85,22,63,47,70,101
161,Amhara Regional Health Bureau,West Gondar ZHD,Metema WorHO,84,66,154,277,191,156,117,141,111,77,89,167,55,64,147,240,186,182,79,118,97,55,72,131,178,252,459,571,571,356,239,211,228,190,196,278,173,333,384,402,416,430,189,245,169,125,168,163,568,1020,2244,2057,2131,1438,794,658,537,427,601,602,233,480,715,930,931,482,568,283,277,230,355,282
162,Amhara Regional Health Bureau,West Gondar ZHD,Mirab Armacho WorHO,79,57,29,48,50,47,27,42,19,15,54,50,43,50,37,23,36,32,20,24,18,10,26,41,206,142,176,278,239,130,80,90,74,63,76,83,113,89,125,258,249,95,62,76,61,43,45,58,560,762,823,984,689,419,332,202,228,181,210,268,244,226,495,374,339,173,145,174,119,92,105,124
163,Amhara Regional Health Bureau,West Gondar ZHD,Quara WorHO,170,251,319,280,443,131,120,189,198,174,98,102,140,227,285,210,385,114,103,134,173,118,72,95,339,356,666,726,1044,359,249,251,339,227,182,241,220,279,464,482,829,249,143,213,199,184,139,153,1320,1629,1961,2302,3011,754,671,585,649,503,427,583,481,651,847,1515,1871,544,274,375,389,277,184,350
164,Amhara Regional Health Bureau,Bahirdar Town Woreda ZHD,Bahirdar Town Woreda WorHO,230,139,110,131,205,240,109,78,75,84,216,372,185,139,92,117,184,142,88,52,60,71,218,375,367,152,165,176,288,248,118,83,112,134,431,722,271,105,120,152,213,231,106,61,89,119,344,625,1107,509,574,694,1042,809,413,259,318,381,1227,1971,886,406,408,555,761,578,316,158,198,265,949,1561
165,Amhara Regional Health Bureau,Dessie Town Woreda ZHD,Dessie Town Woreda WorHO,,,,,,,1,,,,,,,1,,,,,,,,,,,,1,,,,,,,,1,,,,,,,,,,,,,,,11,5,1,,,,3,1,1,1,,,2,,1,,,,4,1,2,,,
166,Amhara Regional Health Bureau,Gondar Town Woreda ZHD,Gondar Town Woreda WorHO,69,20,17,62,110,90,66,57,31,49,64,114,37,30,13,48,103,86,53,32,35,36,51,96,114,45,29,162,244,156,84,55,64,92,110,208,83,41,18,127,217,116,76,47,49,78,126,206,333,162,237,554,686,419,309,162,172,188,333,538,251,64,84,392,477,365,245,100,110,119,289,450
